<?xml version="1.0" encoding="UTF-8"?>
<!--
    Licensed to the Apache Software Foundation (ASF) under one or more
    contributor license agreements.  See the NOTICE file distributed with
    this work for additional information regarding copyright ownership.
    The ASF licenses this file to You under the Apache License, Version 2.0
    (the "License"); you may not use this file except in compliance with
    the License.  You may obtain a copy of the License at

    http://www.apache.org/licenses/LICENSE-2.0

    Unless required by applicable law or agreed to in writing, software
    distributed under the License is distributed on an "AS IS" BASIS,
    WITHOUT WARRANTIES OR CONDITIONS OF ANY KIND, either express or implied.
    See the License for the specific language governing permissions and
    limitations under the License.
-->
<!-- This file not used for standalone deployment, only OSGi and the JUnit test cases -->
<beans xmlns="http://www.springframework.org/schema/beans"
       xmlns:xsi="http://www.w3.org/2001/XMLSchema-instance"
       xmlns:broker="http://activemq.apache.org/schema/core"
       xmlns:camel="http://camel.apache.org/schema/spring"
       xmlns:jaxws="http://cxf.apache.org/jaxws"
       xsi:schemaLocation="
       http://www.springframework.org/schema/beans http://www.springframework.org/schema/beans/spring-beans.xsd
       http://camel.apache.org/schema/spring http://camel.apache.org/schema/spring/camel-spring.xsd
       http://activemq.apache.org/schema/core http://activemq.apache.org/schema/core/activemq-core.xsd
       http://cxf.apache.org/jaxws http://cxf.apache.org/schemas/jaxws.xsd">

  <!-- Enable bridge between Camel Property Placeholder and Spring Property placeholder so we can use system properties
       to dynamically set the port number for unit testing the example.  -->
  <bean id="bridgePropertyPlaceholder" class="org.apache.camel.spring.spi.BridgePropertyPlaceholderConfigurer"/>
    
  <broker:broker id="broker" useJmx="false" persistent="false" dataDirectory="target/activemq">
    <broker:transportConnectors>
      <broker:transportConnector name="openwire" uri="vm://localhost"/>
    </broker:transportConnectors>
  </broker:broker>

  <camel:camelContext id="myCamelContext">
    <camel:routeBuilder ref="myRouteBuilder"/>
  </camel:camelContext>

  <bean id="myRouteBuilder" class="org.apache.camel.example.cxf.httptojms.CamelCxfExample$MyRouteBuilder"/>

  <jaxws:endpoint id="serviceEndpoint"
                  implementor="org.apache.camel.example.cxf.httptojms.GreeterImpl"
                  address="jms:jndi:dynamicQueues/test.soap.jmstransport.queue?jndiInitialContextFactory=org.apache.activemq.jndi.ActiveMQInitialContextFactory&amp;jndiConnectionFactoryName=ConnectionFactory&amp;jndiURL=vm://localhost"/>

</beans>